id,title,x,y,z,heading,source_resource,source_file,source_line,detected_as
all_npc_0001,NPC — Banking #1,311.731506,-283.444916,54.16436,334.542847,Banking,altf4-banking/peds.lua,7,Ped
all_npc_0002,NPC — Banking #2,-353.39975,-54.522366,49.036072,339.896423,Banking,altf4-banking/peds.lua,17,Ped
all_npc_0003,NPC — Banking #3,-1211.052979,-335.690094,37.780529,25.629942,Banking,altf4-banking/peds.lua,27,Ped
all_npc_0004,NPC — Banking #4,-2957.441895,481.950195,15.697449,83.116119,Banking,altf4-banking/peds.lua,37,Ped
all_npc_0005,NPC — Electrician #1,528.77,-1603.26,29.34,,Electrician,altf4-electrician/config/config.lua,45,Npc
all_npc_0037,NPC — Gardener #1,-670.43,-888.99,24.5,,Gardener,altf4-gardener/config/config.lua,42,Npc
all_npc_0038,NPC — License #1,-978.894104,-2996.05542,14.101354,58.626904,License,altf4-license/client/main.lua,211,Npc
all_npc_0039,Shop NPC — Moneywash #1,5069.286621,-4600.9375,2.858313,346.180084,Moneywash,altf4-moneywash/shared/config.lua,229,Shop Ped
all_npc_0040,NPC Route Point — Restaurants #1,256.452118,-819.655701,30.199497,344.651367,Restaurants,altf4-restaurants/shared/config.lua,333,Npc Route
all_npc_0041,NPC Route Point — Restaurants #2,265.265564,-834.477905,29.401773,56.770878,Restaurants,altf4-restaurants/shared/config.lua,338,Npc Route
all_npc_0042,NPC Route Point — Restaurants #3,247.503448,-827.833862,29.849585,344.298157,Restaurants,altf4-restaurants/shared/config.lua,339,Npc Route
all_npc_0043,NPC Route Point — Restaurants #4,248.823822,-822.925842,30.199505,251.473572,Restaurants,altf4-restaurants/shared/config.lua,340,Npc Route
all_npc_0044,NPC Route Point — Restaurants #5,247.978104,-820.324951,30.19952,335.3237,Restaurants,altf4-restaurants/shared/config.lua,341,Npc Route
all_npc_0045,NPC Route Point — Restaurants #6,249.70697,-816.674072,30.199493,350.177521,Restaurants,altf4-restaurants/shared/config.lua,342,Npc Route
all_npc_0046,NPC Route Point — Restaurants #7,248.79097,-817.372437,30.199503,175.50882,Restaurants,altf4-restaurants/shared/config.lua,343,Npc Route
all_npc_0047,NPC Route Point — Restaurants #8,248.828049,-823.915894,30.199188,,Restaurants,altf4-restaurants/shared/config.lua,344,Npc Route
all_npc_0048,NPC Route Point — Restaurants #9,247.761063,-828.002258,29.84252,,Restaurants,altf4-restaurants/shared/config.lua,345,Npc Route
all_npc_0049,NPC Route Point — Restaurants #10,257.598755,-828.368347,29.620247,,Restaurants,altf4-restaurants/shared/config.lua,346,Npc Route
all_npc_0050,NPC Route Point — Restaurants #11,-1194.174805,-891.656372,13.987802,123.4907,Restaurants,altf4-restaurants/shared/config.lua,525,Npc Route
all_npc_0051,NPC Route Point — Restaurants #12,-1172.701782,-864.142029,14.103651,125.613495,Restaurants,altf4-restaurants/shared/config.lua,530,Npc Route
all_npc_0052,NPC Route Point — Restaurants #13,-1179.937866,-869.388916,14.026564,124.799736,Restaurants,altf4-restaurants/shared/config.lua,531,Npc Route
all_npc_0053,NPC Route Point — Restaurants #14,-1182.450073,-884.321472,13.762814,122.671089,Restaurants,altf4-restaurants/shared/config.lua,532,Npc Route
all_npc_0054,NPC Route Point — Restaurants #15,-1193.987183,-891.994629,13.987802,123.806831,Restaurants,altf4-restaurants/shared/config.lua,533,Npc Route
all_npc_0055,NPC Route Point — Restaurants #16,-1184.253662,-885.619019,13.987803,,Restaurants,altf4-restaurants/shared/config.lua,534,Npc Route
all_npc_0056,NPC Route Point — Restaurants #17,-1180.737549,-883.391052,13.820096,,Restaurants,altf4-restaurants/shared/config.lua,535,Npc Route
all_npc_0057,NPC Route Point — Restaurants #18,-1179.859497,-868.021179,14.021857,,Restaurants,altf4-restaurants/shared/config.lua,536,Npc Route
all_npc_0058,NPC Route Point — Restaurants #19,1116.446045,-643.105591,56.817955,6.632532,Restaurants,altf4-restaurants/shared/config.lua,699,Npc Route
all_npc_0059,NPC Route Point — Restaurants #20,1124.375488,-661.562622,56.809696,19.307013,Restaurants,altf4-restaurants/shared/config.lua,704,Npc Route
all_npc_0060,NPC Route Point — Restaurants #21,1128.217407,-645.725952,56.828182,14.862575,Restaurants,altf4-restaurants/shared/config.lua,705,Npc Route
all_npc_0061,NPC Route Point — Restaurants #22,1121.362305,-645.758118,56.813038,101.343239,Restaurants,altf4-restaurants/shared/config.lua,706,Npc Route
all_npc_0062,NPC Route Point — Restaurants #23,1116.377319,-647.043457,56.817951,6.756952,Restaurants,altf4-restaurants/shared/config.lua,707,Npc Route
all_npc_0063,NPC Route Point — Restaurants #24,1116.446045,-643.104187,56.817955,6.632532,Restaurants,altf4-restaurants/shared/config.lua,708,Npc Route
all_npc_0064,NPC Route Point — Restaurants #25,1117.867188,-646.50708,56.817959,272.108948,Restaurants,altf4-restaurants/shared/config.lua,709,Npc Route
all_npc_0065,NPC Route Point — Restaurants #26,1120.246094,-646.084778,56.818272,,Restaurants,altf4-restaurants/shared/config.lua,710,Npc Route
all_npc_0066,NPC Route Point — Restaurants #27,1127.623291,-645.049927,56.825771,,Restaurants,altf4-restaurants/shared/config.lua,711,Npc Route
all_npc_0067,NPC Route Point — Restaurants #28,1518.759399,3779.020996,34.512901,104.793671,Restaurants,altf4-restaurants/shared/config.lua,882,Npc Route
all_npc_0068,NPC Route Point — Restaurants #29,1509.007935,3766.229736,34.148045,277.990173,Restaurants,altf4-restaurants/shared/config.lua,887,Npc Route
all_npc_0069,NPC Route Point — Restaurants #30,1520.251587,3769.352783,34.194122,310.613342,Restaurants,altf4-restaurants/shared/config.lua,888,Npc Route
all_npc_0070,NPC Route Point — Restaurants #31,1529.102539,3778.134033,34.511433,31.380243,Restaurants,altf4-restaurants/shared/config.lua,889,Npc Route
all_npc_0071,NPC Route Point — Restaurants #32,1526.615845,3781.681885,34.512501,101.926514,Restaurants,altf4-restaurants/shared/config.lua,890,Npc Route
all_npc_0072,NPC Route Point — Restaurants #33,1528.314941,3779.108398,34.512539,,Restaurants,altf4-restaurants/shared/config.lua,893,Npc Route
all_npc_0073,NPC Route Point — Restaurants #34,1529.795532,3777.2229,34.511402,,Restaurants,altf4-restaurants/shared/config.lua,894,Npc Route
all_npc_0074,NPC Route Point — Restaurants #35,1519.065552,3768.737793,34.190163,,Restaurants,altf4-restaurants/shared/config.lua,895,Npc Route
all_npc_0075,NPC Route Point — Restaurants #36,-176.913025,-1441.007324,31.342808,318.839661,Restaurants,altf4-restaurants/shared/config.lua,1048,Npc Route
all_npc_0076,NPC Route Point — Restaurants #37,-167.361099,-1463.212036,31.841944,48.520992,Restaurants,altf4-restaurants/shared/config.lua,1053,Npc Route
all_npc_0077,NPC Route Point — Restaurants #38,-181.325806,-1446.69812,31.342825,322.057129,Restaurants,altf4-restaurants/shared/config.lua,1054,Npc Route
all_npc_0078,NPC Route Point — Restaurants #39,-180.455399,-1445.650879,31.342808,,Restaurants,altf4-restaurants/shared/config.lua,1056,Npc Route
all_npc_0079,Guard NPC — Robberies #1,1307.698,4037.544,33.35281,122.0059,Robberies,altf4-robberies/client/boat.lua,2,Guard
all_npc_0080,Guard NPC — Robberies #2,1310.441,4036.727,32.21456,169.0713,Robberies,altf4-robberies/client/boat.lua,3,Guard
all_npc_0081,Guard NPC — Robberies #3,1314.71,4035.793,31.90124,192.6776,Robberies,altf4-robberies/client/boat.lua,4,Guard
all_npc_0082,Guard NPC — Robberies #4,1318.112,4035.435,32.46346,181.3375,Robberies,altf4-robberies/client/boat.lua,5,Guard
all_npc_0083,Guard NPC — Robberies #5,1322.101,4035.342,32.60247,179.9348,Robberies,altf4-robberies/client/boat.lua,6,Guard
all_npc_0084,Guard NPC — Robberies #6,1325.705,4035.408,33.13883,182.1044,Robberies,altf4-robberies/client/boat.lua,7,Guard
all_npc_0085,Guard NPC — Robberies #7,1329.499,4035.841,32.99512,196.469,Robberies,altf4-robberies/client/boat.lua,8,Guard
all_npc_0086,Guard NPC — Robberies #8,1333.205,4037.894,33.52337,248.5728,Robberies,altf4-robberies/client/boat.lua,9,Guard
all_npc_0087,Guard NPC — Robberies #9,1333.448,4039.927,33.45685,318.2234,Robberies,altf4-robberies/client/boat.lua,10,Guard
all_npc_0088,Guard NPC — Robberies #10,1330.202,4041.782,32.5564,335.0409,Robberies,altf4-robberies/client/boat.lua,11,Guard
all_npc_0089,Guard NPC — Robberies #11,-3724.724609,3997.716309,50.781799,,Robberies,altf4-robberies/client/boat.lua,269,Guard
all_npc_0090,Guard NPC — Robberies #12,-3705.688965,4042.085449,50.709728,,Robberies,altf4-robberies/client/boat.lua,269,Guard
all_npc_0091,NPC — Robberies #13,-3709.544434,4010.765625,50.7887,,Robberies,altf4-robberies/client/boat.lua,319,Npc
all_npc_0092,Hostage NPC — Robberies #14,884.550964,-2109.712646,31.230328,86.309219,Robberies,altf4-robberies/client/bobcat.lua,29,Hostage
all_npc_0093,Guard NPC — Robberies #15,-624.2,-242.51,55.66,,Robberies,altf4-robberies/config.lua,340,Guard
all_npc_0094,Guard NPC — Robberies #16,896.725769,-2125.603271,31.230309,320.278564,Robberies,altf4-robberies/config.lua,343,Guard
all_npc_0095,Guard NPC — Robberies #17,898.475037,-2129.121094,31.230309,349.445465,Robberies,altf4-robberies/config.lua,344,Guard
all_npc_0096,Guard NPC — Robberies #18,894.798767,-2132.855225,31.230309,328.055634,Robberies,altf4-robberies/config.lua,345,Guard
all_npc_0097,Guard NPC — Robberies #19,897.960022,-2134.930176,31.230309,352.764038,Robberies,altf4-robberies/config.lua,346,Guard
all_npc_0098,Guard NPC — Robberies #20,894.508728,-2135.868164,31.230309,338.335571,Robberies,altf4-robberies/config.lua,347,Guard
all_npc_0099,Guard NPC — Robberies #21,889.794434,-2136.092285,31.230309,303.142517,Robberies,altf4-robberies/config.lua,348,Guard
all_npc_0100,Guard NPC — Robberies #22,889.243225,-2134.140869,31.230309,284.507904,Robberies,altf4-robberies/config.lua,349,Guard
all_npc_0101,Guard NPC — Robberies #23,890.530701,-2130.74292,31.230085,201.837952,Robberies,altf4-robberies/config.lua,350,Guard
all_npc_0102,Guard NPC — Robberies #24,889.104126,-2132.383301,31.230328,253.381744,Robberies,altf4-robberies/config.lua,351,Guard
all_npc_0103,NPC — Robberies #25,3600.14,370.4,29.6,327.53,Robberies,altf4-robberies/humanelabs/client.lua,124,Ped
all_npc_0104,NPC — Robberies #26,3604.2,3706.4,29.6,327.53,Robberies,altf4-robberies/humanelabs/client.lua,126,Created Ped
all_npc_0105,NPC — Robberies #27,-1144.9,-483.45,49.15,248.4,Robberies,altf4-robberies/humanelabs/client.lua,637,Created Ped
all_npc_0106,NPC — Robberies #28,-1146.31,-484.17,49.15,244.2,Robberies,altf4-robberies/humanelabs/client.lua,638,Created Ped
all_npc_0107,NPC — Robberies #29,-1145.69,-482.1,49.1,242.6,Robberies,altf4-robberies/humanelabs/client.lua,639,Created Ped
all_npc_0108,NPC — Robberies #30,-928.97,-2961.9,13.945,110.22,Robberies,altf4-robberies/humanelabs/config.lua,15,Ped
all_npc_0109,NPC — Robberies #31,-928.31,-2962.0,13.945,110.22,Robberies,altf4-robberies/humanelabs/config.lua,17,Ped
all_npc_0110,NPC — Robberies #32,-929.49,-2961.4,13.945,200.78,Robberies,altf4-robberies/humanelabs/config.lua,18,Ped
all_npc_0111,NPC — Robberies #33,-929.22,-2962.7,13.945,5.42,Robberies,altf4-robberies/humanelabs/config.lua,19,Ped
all_npc_0112,NPC — Robberies #34,3524.77,3699.09,19.992,85.22,Robberies,altf4-robberies/humanelabs/config.lua,24,Ped
all_npc_0113,NPC — Robberies #35,3540.53,3675.759,19.9944,176.22,Robberies,altf4-robberies/humanelabs/config.lua,25,Ped
all_npc_0114,NPC — Robberies #36,3536.98,3663.102,27.123,164.22,Robberies,altf4-robberies/humanelabs/config.lua,26,Ped
all_npc_0115,NPC — Robberies #37,3538.283,3663.785,27.123,164.22,Robberies,altf4-robberies/humanelabs/config.lua,27,Ped
all_npc_0116,NPC — Robberies #38,3560.043,3671.964,27.123,3.22,Robberies,altf4-robberies/humanelabs/config.lua,28,Ped
all_npc_0117,NPC — Robberies #39,3560.96,3681.62,27.123,172.22,Robberies,altf4-robberies/humanelabs/config.lua,29,Ped
all_npc_0118,NPC — Robberies #40,3538.41,3647.17,27.1218,80.22,Robberies,altf4-robberies/humanelabs/config.lua,31,Ped
all_npc_0119,NPC — Robberies #41,3537.95,3645.37,27.1218,80.22,Robberies,altf4-robberies/humanelabs/config.lua,32,Ped
all_npc_0120,NPC — Robberies #42,3548.88,3657.83,27.1218,170.22,Robberies,altf4-robberies/humanelabs/config.lua,33,Ped
all_npc_0121,NPC — Robberies #43,3551.43,3657.55,27.1218,170.22,Robberies,altf4-robberies/humanelabs/config.lua,34,Ped
all_npc_0122,NPC — Robberies #44,3566.14,3697.27,27.1214,170.22,Robberies,altf4-robberies/humanelabs/config.lua,35,Ped
all_npc_0123,NPC — Robberies #45,3568.48,3696.83,27.1218,170.22,Robberies,altf4-robberies/humanelabs/config.lua,36,Ped
all_npc_0124,NPC — Robberies #46,3596.26,3689.52,27.8214,145.22,Robberies,altf4-robberies/humanelabs/config.lua,37,Ped
all_npc_0125,NPC — Robberies #47,3597.68,3688.54,27.8217,145.22,Robberies,altf4-robberies/humanelabs/config.lua,38,Ped
all_npc_0126,NPC — Robberies #48,3590.64,3710.48,28.6894,170.22,Robberies,altf4-robberies/humanelabs/config.lua,39,Ped
all_npc_0127,NPC — Robberies #49,3592.83,3710.43,28.6894,170.22,Robberies,altf4-robberies/humanelabs/config.lua,40,Ped
all_npc_0128,NPC — Robberies #50,3611.02,3722.03,28.6894,150.22,Robberies,altf4-robberies/humanelabs/config.lua,41,Ped
all_npc_0129,NPC — Robberies #51,3613.17,3720.74,28.6894,150.22,Robberies,altf4-robberies/humanelabs/config.lua,42,Ped
all_npc_0130,NPC — Robberies #52,3620.45,3743.62,27.69,150.22,Robberies,altf4-robberies/humanelabs/config.lua,43,Ped
all_npc_0131,NPC — Robberies #53,3626.3,3736.96,27.69,50.22,Robberies,altf4-robberies/humanelabs/config.lua,44,Ped
all_npc_0132,NPC — Robberies #54,3609.05,3740.89,27.69,240.22,Robberies,altf4-robberies/humanelabs/config.lua,45,Ped
all_npc_0133,NPC — Robberies #55,3611.1,3744.44,27.69,240.22,Robberies,altf4-robberies/humanelabs/config.lua,46,Ped
all_npc_0134,NPC — Robberies #56,3532.24,3650.7,27.5,240.22,Robberies,altf4-robberies/humanelabs/config.lua,48,Ped
all_npc_0135,NPC — Robberies #57,3539.1,3642.4,28.1,240.22,Robberies,altf4-robberies/humanelabs/config.lua,49,Ped
all_npc_0136,NPC — Robberies #58,3546.6,3641.1,28.1,240.22,Robberies,altf4-robberies/humanelabs/config.lua,50,Ped
all_npc_0137,NPC — Robberies #59,3548.7,3641.1,28.1,240.22,Robberies,altf4-robberies/humanelabs/config.lua,51,Ped
all_npc_0138,NPC — Robberies #60,3547.4,3642.5,28.1,240.22,Robberies,altf4-robberies/humanelabs/config.lua,52,Ped
all_npc_0139,NPC — Robberies #61,3543.8,3646.5,28.1,240.22,Robberies,altf4-robberies/humanelabs/config.lua,53,Ped
all_npc_0140,NPC — Robberies #62,3549.5,3655.5,28.1,240.22,Robberies,altf4-robberies/humanelabs/config.lua,54,Ped
all_npc_0141,NPC — Robberies #63,3553.4,3660.5,28.1,240.22,Robberies,altf4-robberies/humanelabs/config.lua,55,Ped
all_npc_0142,NPC — Robberies #64,3556.9,3663.1,28.1,240.22,Robberies,altf4-robberies/humanelabs/config.lua,56,Ped
all_npc_0143,NPC — Robberies #65,3559.8,3664.8,28.1,240.22,Robberies,altf4-robberies/humanelabs/config.lua,57,Ped
all_npc_0144,NPC — Robberies #66,3561.8,3665.0,28.1,240.22,Robberies,altf4-robberies/humanelabs/config.lua,58,Ped
all_npc_0145,NPC — Robberies #67,3561.0,3666.4,28.1,240.22,Robberies,altf4-robberies/humanelabs/config.lua,59,Ped
all_npc_0146,NPC — Robberies #68,3554.4,3677.2,28.1,240.22,Robberies,altf4-robberies/humanelabs/config.lua,60,Ped
all_npc_0147,NPC — Robberies #69,3558.3,3678.0,28.1,240.22,Robberies,altf4-robberies/humanelabs/config.lua,61,Ped
all_npc_0148,NPC — Robberies #70,3563.3,3678.3,28.1,240.22,Robberies,altf4-robberies/humanelabs/config.lua,62,Ped
all_npc_0149,NPC — Robberies #71,3567.0,3681.3,28.1,240.22,Robberies,altf4-robberies/humanelabs/config.lua,63,Ped
all_npc_0150,NPC — Robberies #72,3567.3,3699.6,28.1,240.22,Robberies,altf4-robberies/humanelabs/config.lua,64,Ped
all_npc_0151,NPC — Robberies #73,3563.4,3694.0,28.7,240.22,Robberies,altf4-robberies/humanelabs/config.lua,65,Ped
all_npc_0152,NPC — Robberies #74,3568.7,3691.4,28.1,240.22,Robberies,altf4-robberies/humanelabs/config.lua,66,Ped
all_npc_0153,NPC — Robberies #75,3561.7,3688.0,28.1,240.22,Robberies,altf4-robberies/humanelabs/config.lua,67,Ped
all_npc_0154,NPC — Robberies #76,3576.2,3690.3,27.1,240.22,Robberies,altf4-robberies/humanelabs/config.lua,68,Ped
all_npc_0155,NPC — Robberies #77,3584.2,3684.3,27.62,240.22,Robberies,altf4-robberies/humanelabs/config.lua,69,Ped
all_npc_0156,NPC — Robberies #78,3597.5,3729.2,29.6,240.22,Robberies,altf4-robberies/humanelabs/config.lua,70,Ped
all_npc_0157,NPC — Robberies #79,3603.3,3709.8,29.6,240.22,Robberies,altf4-robberies/humanelabs/config.lua,71,Ped
all_npc_0158,NPC — Robberies #80,3612.1,3716.3,29.6,240.22,Robberies,altf4-robberies/humanelabs/config.lua,72,Ped
all_npc_0159,NPC — Robberies #81,3606.5,3717.7,29.6,240.22,Robberies,altf4-robberies/humanelabs/config.lua,73,Ped
all_npc_0160,NPC — Robberies #82,3618.0,3721.27,29.69,240.22,Robberies,altf4-robberies/humanelabs/config.lua,74,Ped
all_npc_0161,NPC — Robberies #83,3609.3,3728.7,29.6,240.22,Robberies,altf4-robberies/humanelabs/config.lua,75,Ped
all_npc_0162,NPC — Robberies #84,-181.77,-2128.6,22.8283,245.22,Robberies,altf4-robberies/rainmad/heists/artifact/config.lua,28,Ped
all_npc_0163,NPC — Robberies #85,-181.77,-2128.6,21.8283,245.22,Robberies,altf4-robberies/rainmad/heists/artifact/config.lua,30,Ped
all_npc_0164,NPC — Robberies #86,-181.38,-2129.6,21.8283,332.78,Robberies,altf4-robberies/rainmad/heists/artifact/config.lua,31,Ped
all_npc_0165,NPC — Robberies #87,-180.94,-2128.3,21.8283,156.42,Robberies,altf4-robberies/rainmad/heists/artifact/config.lua,32,Ped
all_npc_0166,Guard NPC — Robberies #88,-748.22,-2592.2,12.8282,,Robberies,altf4-robberies/rainmad/heists/artifact/config.lua,36,Guard
all_npc_0167,NPC — Robberies #89,-107.85,-2692.2,5.01078,270.0,Robberies,altf4-robberies/rainmad/heists/artifact/config.lua,66,Npc
all_npc_0168,NPC — Robberies #90,-112.35,-2712.0,5.00681,180.0,Robberies,altf4-robberies/rainmad/heists/artifact/config.lua,76,Npc
all_npc_0169,NPC — Robberies #91,-112.35,-2706.0,5.00681,180.0,Robberies,altf4-robberies/rainmad/heists/artifact/config.lua,77,Npc
all_npc_0170,NPC — Robberies #92,-112.35,-2690.0,5.00681,180.0,Robberies,altf4-robberies/rainmad/heists/artifact/config.lua,78,Npc
all_npc_0171,NPC — Robberies #93,-116.35,-2712.0,5.00681,180.0,Robberies,altf4-robberies/rainmad/heists/artifact/config.lua,79,Npc
all_npc_0172,NPC — Robberies #94,-116.35,-2706.0,5.00681,180.0,Robberies,altf4-robberies/rainmad/heists/artifact/config.lua,80,Npc
all_npc_0173,NPC — Robberies #95,-116.35,-2690.0,5.00681,180.0,Robberies,altf4-robberies/rainmad/heists/artifact/config.lua,81,Npc
all_npc_0174,NPC — Robberies #96,-120.35,-2712.0,5.00681,180.0,Robberies,altf4-robberies/rainmad/heists/artifact/config.lua,82,Npc
all_npc_0175,NPC — Robberies #97,-120.35,-2706.0,5.00681,180.0,Robberies,altf4-robberies/rainmad/heists/artifact/config.lua,83,Npc
all_npc_0176,Guard NPC — Robberies #98,-129.83,-2704.0,5.00634,90.0,Robberies,altf4-robberies/rainmad/heists/artifact/config.lua,87,Guard
all_npc_0177,Guard NPC — Robberies #99,-129.83,-2700.0,5.00634,90.0,Robberies,altf4-robberies/rainmad/heists/artifact/config.lua,88,Guard
all_npc_0178,Guard NPC — Robberies #100,-129.83,-2696.8,5.00634,90.0,Robberies,altf4-robberies/rainmad/heists/artifact/config.lua,89,Guard
all_npc_0179,Guard NPC — Robberies #101,-129.83,-2692.8,5.00634,90.0,Robberies,altf4-robberies/rainmad/heists/artifact/config.lua,90,Guard
all_npc_0180,Guard NPC — Robberies #102,-129.83,-2683.4,5.00634,90.0,Robberies,altf4-robberies/rainmad/heists/artifact/config.lua,91,Guard
all_npc_0181,Guard NPC — Robberies #103,-129.83,-2678.4,5.00634,90.0,Robberies,altf4-robberies/rainmad/heists/artifact/config.lua,92,Guard
all_npc_0182,Guard NPC — Robberies #104,-129.83,-2711.4,5.00634,90.0,Robberies,altf4-robberies/rainmad/heists/artifact/config.lua,93,Guard
all_npc_0183,Guard NPC — Robberies #105,-125.77,-2646.4,6.01062,270.87,Robberies,altf4-robberies/rainmad/heists/artifact/config.lua,97,Guard
all_npc_0184,Guard NPC — Robberies #106,-114.16,-2645.7,6.01062,177.93,Robberies,altf4-robberies/rainmad/heists/artifact/config.lua,98,Guard
all_npc_0185,Guard NPC — Robberies #107,-115.37,-2665.1,6.01062,354.93,Robberies,altf4-robberies/rainmad/heists/artifact/config.lua,99,Guard
all_npc_0186,Guard NPC — Robberies #108,-125.33,-2667.6,6.01062,177.88,Robberies,altf4-robberies/rainmad/heists/artifact/config.lua,100,Guard
all_npc_0187,Guard NPC — Robberies #109,-124.23,-2685.0,6.01062,268.28,Robberies,altf4-robberies/rainmad/heists/artifact/config.lua,101,Guard
all_npc_0188,Guard NPC — Robberies #110,-108.94,-2685.3,6.01062,268.3,Robberies,altf4-robberies/rainmad/heists/artifact/config.lua,102,Guard
all_npc_0189,Guard NPC — Robberies #111,-98.197,-2685.1,6.01062,359.44,Robberies,altf4-robberies/rainmad/heists/artifact/config.lua,103,Guard
all_npc_0190,Guard NPC — Robberies #112,-124.37,-2700.2,6.01062,265.05,Robberies,altf4-robberies/rainmad/heists/artifact/config.lua,104,Guard
all_npc_0191,Guard NPC — Robberies #113,-112.87,-2700.0,6.01062,174.77,Robberies,altf4-robberies/rainmad/heists/artifact/config.lua,105,Guard
all_npc_0192,Guard NPC — Robberies #114,-113.74,-2716.4,6.01062,180.79,Robberies,altf4-robberies/rainmad/heists/artifact/config.lua,106,Guard
all_npc_0193,NPC — Robberies #115,-128.99,-2716.0,6.01062,180.79,Robberies,altf4-robberies/rainmad/heists/artifact/config.lua,107,Npc
all_npc_0194,NPC — Robberies #116,-133.06,-2702.0,6.01062,180.79,Robberies,altf4-robberies/rainmad/heists/artifact/config.lua,108,Npc
all_npc_0195,NPC — Robberies #117,-132.83,-2688.7,6.01062,180.79,Robberies,altf4-robberies/rainmad/heists/artifact/config.lua,109,Npc
all_npc_0196,NPC — Robberies #118,-1419.7,-676.23,26.7605,78.4,Robberies,altf4-robberies/rainmad/heists/betta/shared.lua,16,Ped
all_npc_0197,NPC — Robberies #119,-1419.7,-676.23,25.7605,78.4,Robberies,altf4-robberies/rainmad/heists/betta/shared.lua,18,Ped
all_npc_0198,NPC — Robberies #120,-1420.3,-675.34,25.7246,168.78,Robberies,altf4-robberies/rainmad/heists/betta/shared.lua,19,Ped
all_npc_0199,NPC — Robberies #121,-1420.5,-676.88,25.7605,356.42,Robberies,altf4-robberies/rainmad/heists/betta/shared.lua,20,Ped
all_npc_0200,NPC — Robberies #122,1104.28,-2287.5,29.1784,,Robberies,altf4-robberies/rainmad/heists/betta/shared.lua,49,Npc
all_npc_0201,NPC — Robberies #123,-1383.1,-640.04,28.6733,211.53,Robberies,altf4-robberies/rainmad/heists/kidnapping/shared.lua,10,Ped
all_npc_0202,NPC — Robberies #124,-1383.1,-640.04,27.6733,211.53,Robberies,altf4-robberies/rainmad/heists/kidnapping/shared.lua,12,Ped
all_npc_0203,NPC — Robberies #125,-833.02,-350.74,38.6802,243.42,Robberies,altf4-robberies/rainmad/heists/kidnapping/shared.lua,16,Ped
all_npc_0204,NPC — Robberies #126,-197.9,-864.6,29.3243,246.03,Robberies,altf4-robberies/rainmad/heists/kidnapping/shared.lua,17,Ped
all_npc_0205,NPC — Robberies #127,-20.242,-1721.1,29.2882,22.81,Robberies,altf4-robberies/rainmad/heists/kidnapping/shared.lua,18,Ped
all_npc_0206,NPC — Robberies #128,568.45,-3123.8,18.1686,,Robberies,altf4-robberies/rainmad/heists/kidnapping/shared.lua,21,Ped
all_npc_0207,Guard NPC — Robberies #129,-687.82,-2417.1,13.9445,23.22,Robberies,altf4-robberies/rainmad/heists/train/config.lua,16,Guard
all_npc_0208,Guard NPC — Robberies #130,-686.43,-2417.5,12.8945,23.22,Robberies,altf4-robberies/rainmad/heists/train/config.lua,18,Guard
all_npc_0209,Guard NPC — Robberies #131,-687.82,-2417.1,12.8945,320.78,Robberies,altf4-robberies/rainmad/heists/train/config.lua,19,Guard
all_npc_0210,Guard NPC — Robberies #132,-688.89,-2416.3,12.8945,291.42,Robberies,altf4-robberies/rainmad/heists/train/config.lua,20,Guard
all_npc_0211,Guard NPC — Robberies #133,2850.67,4535.49,45.3924,270.87,Robberies,altf4-robberies/rainmad/heists/train/config.lua,24,Guard
all_npc_0212,Guard NPC — Robberies #134,2856.28,4544.12,45.3354,177.93,Robberies,altf4-robberies/rainmad/heists/train/config.lua,25,Guard
all_npc_0213,Guard NPC — Robberies #135,2869.9,4530.26,47.7877,354.93,Robberies,altf4-robberies/rainmad/heists/train/config.lua,26,Guard
all_npc_0214,Guard NPC — Robberies #136,2859.08,4519.85,47.9145,177.88,Robberies,altf4-robberies/rainmad/heists/train/config.lua,27,Guard
all_npc_0215,Guard NPC — Robberies #137,2843.78,4521.66,47.4138,268.28,Robberies,altf4-robberies/rainmad/heists/train/config.lua,28,Guard
all_npc_0216,Guard NPC — Robberies #138,2856.9,4526.85,48.6552,268.3,Robberies,altf4-robberies/rainmad/heists/train/config.lua,29,Guard
all_npc_0217,Guard NPC — Robberies #139,2878.67,4556.77,48.4119,359.44,Robberies,altf4-robberies/rainmad/heists/train/config.lua,30,Guard
all_npc_0218,Guard NPC — Robberies #140,2886.69,4556.21,48.4262,265.05,Robberies,altf4-robberies/rainmad/heists/train/config.lua,31,Guard
all_npc_0219,NPC — Robberies #141,-1732.285034,-728.48999,9.407358,127.22,Robberies,altf4-robberies/rainmad/heists/train/config.lua,34,Ped
all_npc_0220,NPC — Robberies #142,-1731.285034,-728.48999,9.407358,127.22,Robberies,altf4-robberies/rainmad/heists/train/config.lua,36,Ped
all_npc_0221,NPC — Robberies #143,-1733.285034,-728.48999,9.407358,212.42,Robberies,altf4-robberies/rainmad/heists/train/config.lua,38,Ped
all_npc_0222,NPC — Robberies #144,2872.028,4544.253,47.758,140.0,Robberies,altf4-robberies/rainmad/heists/train/config.lua,42,Ped
all_npc_0223,NPC — Robberies #145,2883.305,4557.646,47.758,140.0,Robberies,altf4-robberies/rainmad/heists/train/config.lua,43,Ped
all_npc_0224,NPC — Robberies #146,497.254,-545.41,24.7511,136.22,Robberies,altf4-robberies/rainmad/heists/underground/shared.lua,35,Ped
all_npc_0225,NPC — Robberies #147,497.377,-544.49,23.7511,136.22,Robberies,altf4-robberies/rainmad/heists/underground/shared.lua,37,Ped
all_npc_0226,NPC — Robberies #148,497.254,-545.41,23.7511,100.78,Robberies,altf4-robberies/rainmad/heists/underground/shared.lua,38,Ped
all_npc_0227,NPC — Robberies #149,496.416,-544.71,23.7511,180.42,Robberies,altf4-robberies/rainmad/heists/underground/shared.lua,39,Ped
all_npc_0228,NPC — Robberies #150,304.796,-1178.0,29.4011,145.22,Robberies,altf4-robberies/rainmad/heists/unionheist/config.lua,15,Ped
all_npc_0229,NPC — Robberies #151,304.796,-1178.0,28.4011,145.22,Robberies,altf4-robberies/rainmad/heists/unionheist/config.lua,17,Ped
all_npc_0230,NPC — Robberies #152,304.753,-1178.8,28.3896,56.78,Robberies,altf4-robberies/rainmad/heists/unionheist/config.lua,18,Ped
all_npc_0231,NPC — Robberies #153,304.0,-1177.9,28.4023,226.42,Robberies,altf4-robberies/rainmad/heists/unionheist/config.lua,19,Ped
all_npc_0232,NPC — Robberies #154,32.1473,-366.29,38.3672,120.0,Robberies,altf4-robberies/rainmad/heists/unionheist/config.lua,39,Npc
all_npc_0233,NPC — Robberies #155,23.0486,-638.84,16.088,133.0,Robberies,altf4-robberies/rainmad/heists/unionheist/config.lua,43,Npc
all_npc_0234,NPC — Robberies #156,2.88219,-661.45,16.1306,,Robberies,altf4-robberies/rainmad/heists/unionheist/config.lua,50,Npc
all_npc_0235,NPC — Robberies #157,7.80424,-662.13,16.1306,,Robberies,altf4-robberies/rainmad/heists/unionheist/config.lua,60,Npc
all_npc_0236,NPC — Robberies #158,9.314747,-665.704346,16.130619,250.0,Robberies,altf4-robberies/rainmad/heists/unionheist/config.lua,70,Npc
all_npc_0237,NPC — Robberies #159,-0.371129,-662.397034,16.130632,250.0,Robberies,altf4-robberies/rainmad/heists/unionheist/config.lua,83,Npc
all_npc_0238,NPC — Robberies #160,3.37246,-674.02,16.1306,250.0,Robberies,altf4-robberies/rainmad/heists/unionheist/config.lua,96,Npc
all_npc_0239,NPC — Robberies #161,1.42567,-679.7,16.1306,250.0,Robberies,altf4-robberies/rainmad/heists/unionheist/config.lua,109,Npc
all_npc_0240,NPC — Robberies #162,-3.0185,-677.92,16.1306,250.0,Robberies,altf4-robberies/rainmad/heists/unionheist/config.lua,122,Npc
all_npc_0241,NPC — Robberies #163,-1.0102,-672.49,16.1306,250.0,Robberies,altf4-robberies/rainmad/heists/unionheist/config.lua,135,Npc
all_npc_0242,NPC — Vehicles #1,-522.953918,-263.551178,35.472977,290.505737,Vehicles,altf4-vehicles/config.lua,252,Npc
all_npc_0243,NPC — Vehicles #2,-269.586731,-893.956665,31.220015,68.56691,Vehicles,altf4-vehicles/config.lua,257,Npc
all_npc_0244,NPC — Vehicles #3,-234.558548,6198.434082,31.939209,226.968201,Vehicles,altf4-vehicles/config.lua,262,Npc
all_npc_0245,NPC — Vehicles #4,1568.948975,3800.094482,34.132851,184.169922,Vehicles,altf4-vehicles/config.lua,267,Npc
all_npc_0246,NPC — Vehicles #5,1695.820313,4793.327637,41.921383,74.942024,Vehicles,altf4-vehicles/config.lua,272,Npc
all_npc_0247,NPC — Vehicles #6,1852.611328,2581.769531,45.672344,272.111755,Vehicles,altf4-vehicles/config.lua,277,Npc
all_npc_0248,NPC — Vehicles #7,-1523.64917,1495.893066,111.626305,255.533188,Vehicles,altf4-vehicles/config.lua,282,Npc
all_npc_0249,NPC — Vehicles #8,-1202.115479,-1800.321289,3.908575,71.307236,Vehicles,altf4-vehicles/config.lua,287,Npc
all_npc_0250,NPC — Vehicles #9,-773.263123,5598.226074,33.605209,165.96138,Vehicles,altf4-vehicles/config.lua,292,Npc
all_npc_0251,NPC — Vehicles #10,1334.74939,4271.108398,31.503139,174.862762,Vehicles,altf4-vehicles/config.lua,297,Npc
all_npc_0252,NPC — Vehicles #11,2899.255371,4399.35791,50.234779,194.466904,Vehicles,altf4-vehicles/config.lua,302,Npc
all_npc_0253,NPC — Vehicles #12,713.487488,4096.488281,34.727837,176.878647,Vehicles,altf4-vehicles/config.lua,307,Npc
all_npc_0254,NPC — Vehicles #13,-939.547485,6490.965332,1.887601,347.465332,Vehicles,altf4-vehicles/config.lua,312,Npc
all_npc_0255,NPC — Vehicles #14,1205.063599,-1382.202759,35.226917,95.380043,Vehicles,altf4-vehicles/config.lua,317,Npc
all_npc_0256,NPC — Vehicles #15,-1647.735107,2636.753174,2.501308,258.867432,Vehicles,altf4-vehicles/config.lua,322,Npc
all_npc_0257,NPC — Vehicles #16,-2934.633301,8138.134766,44.837425,111.239792,Vehicles,altf4-vehicles/config.lua,327,Npc
all_npc_0258,NPC — Vehicles #17,1734.095337,3327.782959,41.305176,104.466621,Vehicles,altf4-vehicles/config.lua,332,Npc
